{
    "config": {
        "lambda_c": 0.0,
        "lambda_rate": 0.0,
        "lambda_recon": 5.0,
        "n_runs": 5,
        "base_channels": 16
    },
    "stats": {
        "ees_kgco2_per_gb": {
            "mean": 2.083197880318102,
            "std": 0.03046540418281347,
            "all_scores": [
                2.0534294920522713,
                2.088505258221711,
                2.0444713272721007,
                2.1040608870176962,
                2.1255224370267305
            ]
        },
        "t_model_overhead": {
            "mean": 6.9869214534759525,
            "std": 0.0356730972537298,
            "all_scores": [
                7.042797327041626,
                6.978418827056885,
                7.010877847671509,
                6.956285238265991,
                6.94622802734375
            ]
        },
        "model_size_gb": {
            "mean": 0.0004175625741481781,
            "std": 1.1078665185968642e-05,
            "all_scores": [
                0.00042445212602615356,
                0.0004156697541475296,
                0.0004343045875430107,
                0.00041149184107780457,
                0.00040189456194639206
            ]
        },
        "model_kgco2_overhead": {
            "mean": 0.0005128808716453602,
            "std": 2.531059873775267e-06,
            "all_scores": [
                0.000516926948736851,
                0.0005124504280936076,
                0.000514372868050511,
                0.0005106474500574445,
                0.0005100066632883872
            ]
        },
        "avg_psnr": {
            "mean": 17.153154595692953,
            "std": 0.41323858463230895,
            "all_scores": [
                17.34681785106659,
                17.66630530357361,
                16.490554730097454,
                17.36872959136963,
                16.893365502357483
            ]
        }
    }
}