{
    "config": {
        "lambda_c": 0.005,
        "lambda_rate": 0.5,
        "lambda_recon": 5.0,
        "n_runs": 5,
        "base_channels": 16
    },
    "stats": {
        "ees_kgco2_per_gb": {
            "mean": 2.18202150511513,
            "std": 0.12204032181710231,
            "all_scores": [
                2.102729384804174,
                2.202605248163199,
                2.4055520204637153,
                2.0537344617978373,
                2.1454864103467246
            ]
        },
        "t_model_overhead": {
            "mean": 7.002199268341064,
            "std": 0.1685553026328651,
            "all_scores": [
                7.027329683303833,
                6.9116644859313965,
                6.846761703491211,
                7.318387031555176,
                6.906853437423706
            ]
        },
        "model_size_gb": {
            "mean": 0.00036554504185914993,
            "std": 4.525115104553354e-05,
            "all_scores": [
                0.0004005488008260727,
                0.0003681499511003494,
                0.00027805939316749573,
                0.0003831116482615471,
                0.00039785541594028473
            ]
        },
        "model_kgco2_overhead": {
            "mean": 0.0005139785534150865,
            "std": 1.2357680218436913e-05,
            "all_scores": [
                0.0005161750127318469,
                0.0005074786858111701,
                0.0005021158405041108,
                0.0005369796047401605,
                0.0005071436232881438
            ]
        },
        "avg_psnr": {
            "mean": 16.150507442156474,
            "std": 1.6435704072417492,
            "all_scores": [
                16.915963808695476,
                16.13928723335266,
                13.030272563298544,
                16.894343733787537,
                17.77266987164815
            ]
        }
    }
}